,"baseline: sub-q + answer, 8 ep",16 epochs,"full question, 16 ep (FINAL)",E12a all of train (5 seeds)
seeds,10,10,10,5
single S2,0.315 ± 0.040,0.362 ± 0.026,0.384 ± 0.030,0.416 ± 0.020
single S1,0.576 ± 0.030,0.601 ± 0.016,0.614 ± 0.027,0.614 ± 0.016
"ens S2 (full dev, untuned)",0.319,0.377,0.409,0.481
"ens S1 (full dev, untuned)",0.596,0.622,0.621,0.634
ens S2 dev-B untuned,0.302,0.357,0.444,0.501
+LA S2 A->B,0.375,0.367,0.395,0.511
+LA S1 A->B,0.59,0.606,0.615,0.623
+T&bias S2 A->B,0.332,0.461,0.392,0.293
+LA S2 B->A,0.396,0.387,0.352,0.448
+LA S1 B->A,0.589,0.617,0.644,0.671
+T&bias S2 B->A,0.384,0.358,0.344,0.441
+LA S2 nested 5-fold CV (full dev),0.428,0.4,0.405,0.489
